,a_normal,a_normal_sigma,chi2_normal,p_value_normal,,a_reverse,a_reverse_sigma,chi2_reverse,p_value_reverse
Emilie:,1.468,0.006,4,0.133,,1.569,0.005,2.6,0.267
Nete:,1.46656,0.005,6.1,0.046,,1.56798,0.005,1.7,0.436
Emma,1.471,0.006,3.155,0.206,,1.566,0.005,2.982,0.225
Ervin,1.4663,0.0066,2.8899,0.2358,,1.568,0.0061,0.9954,0.6079